<?xml version="1.0" encoding="UTF-8" standalone="yes"?>
<addon id="plugin.video.kodiseerr" name="KodiSeerr" version="1.7.4" provider-name="Yock, vaughngx4">
    <requires>
        <import addon="xbmc.python" version="3.0.1"/>
    </requires>
    <extension point="xbmc.python.pluginsource" library="default.py">
        <provides>video</provides>
    </extension>
    <extension point="xbmc.service" library="service.py" startonstartup="true"/>
    <extension point="xbmc.addon.metadata">
        <summary lang="en">KodiSeerr</summary>
        <description lang="en">JellySeerr and Overseerr Integration for Kodi.</description>
        <platform>all</platform>
        <assets>
            <icon>icon.png</icon>
            <fanart>fanart.jpg</fanart>
        </assets>
    </extension>
</addon>